Name,ID,Category,Sub-Category,Quantity,Backorder,Sale Price,Tax,Total Price,Buy Cost,Profit,Expiration Date
A,42,NonPerishable,-1,615,0,313.09,0.1,344.399,145.97,167.12,-1
AAErFkkqLUYKLdnJfKuMy,200,NonPerishable,-1,57,0,380.51,0.1,418.561,44.64,335.87,-1
ACrWvPRRDPvkKsDNRfPfJAz,499,Perishable,-1,269,0,374.4,0.1,411.84,155.13,219.27,12/7/2034
AcYcXOUFijBdWdeNiWQaBERljapEyC,344,Perishable,-1,91,0,323.56,0.1,355.916,62.01,261.55,6/17/2029
AdZHVgxJAtXnKtqKB,225,NonPerishable,-1,863,0,472.2,0.1,519.42,233.15,239.05,-1
AmVIEMszYkbAQXvJRHjVagfTKyIGAKul,427,Perishable,-1,9,0,443.99,0.1,488.389,152.26,291.73,11/1/2027
AmlcoiNSW,383,Perishable,-1,871,0,151.86,0.1,167.046,63.97,87.89,6/1/2027
ArS,95,NonPerishable,-1,84,0,69.46,0.1,76.406,30.75,38.71,-1
BEYqcyIf,133,NonPerishable,-1,949,0,100.03,0.1,110.033,36.53,63.5,-1
BRyISCUGuBBfoHrzXbNCKbFh,359,Perishable,-1,43,0,340.61,0.1,374.671,13.31,327.3,12/14/2023
BWP,58,NonPerishable,-1,915,0,463.63,0.1,509.993,22.48,441.15,-1
BdmMuFPefSKniVVpHVBAKhAUpsOoRfh,430,Perishable,-1,920,0,114.41,0.1,125.851,52.37,62.04,5/2/2027
BfKvz,375,Perishable,-1,942,0,87.36,0.1,96.096,19.71,67.65,9/20/2035
BlwnsacnO,51,NonPerishable,-1,738,0,26.66,0.1,29.326,6.87,19.79,-1
BnheRHBxYtTWctnlLBCiZYBLE,182,NonPerishable,-1,143,0,148.47,0.1,163.317,0.79,147.68,-1
BxtpgTdsVuqIcvPLjBQndiXDnxXSq,329,Perishable,-1,435,0,206.53,0.1,227.183,51.68,154.85,11/8/2030
ByfIkPVirnlFwTU,261,Perishable,-1,427,0,224.1,0.1,246.51,88.91,135.19,7/20/2026
C,415,Perishable,-1,502,0,90.31,0.1,99.341,14.07,76.24,7/14/2026
CGvdXwjtlKLXWdRDsSTjlpr,82,NonPerishable,-1,559,0,169.91,0.1,186.901,37.68,132.23,-1
CNUptPZwyCIJBspdmp,395,Perishable,-1,488,0,29.07,0.1,31.977,12.53,16.54,10/18/2034
CSVzISDLEUL,367,Perishable,-1,212,0,263.62,0.1,289.982,31.12,232.5,2/26/2024
CfZUkDk,104,NonPerishable,-1,932,0,248.38,0.1,273.218,48.08,200.3,-1
CiE,378,Perishable,-1,324,0,68.18,0.1,74.998,11.12,57.06,5/4/2029
CkbGYjIKapZPRZnCrWWNKStr,296,Perishable,-1,447,0,230.14,0.1,253.154,86.83,143.31,9/14/2023
CuJXXa,63,NonPerishable,-1,537,0,395.25,0.1,434.775,117.68,277.57,-1
CyQzmBMGdIDt,149,NonPerishable,-1,226,0,283.46,0.1,311.806,12.1,271.36,-1
DGZDmTHZlOtOxCLOMLWHXyHvddDV,466,Perishable,-1,164,0,329.06,0.1,361.966,103.28,225.78,8/16/2027
DIzFDKTRbsGLMh,361,Perishable,-1,57,0,264.07,0.1,290.477,53.5,210.57,12/9/2035
DLHcNBZ,35,NonPerishable,-1,834,0,392.94,0.1,432.234,106.35,286.59,-1
DQmBGZFWyUdilgt,177,NonPerishable,-1,721,0,15.15,0.1,16.665,2.54,12.61,-1
DSeYQMMfZkkSfzJqBrSdoButfIiXu,129,NonPerishable,-1,692,0,152.94,0.1,168.234,45.93,107.01,-1
DSireqWsRFsRAELIi,109,NonPerishable,-1,735,0,40.47,0.1,44.517,9.63,30.84,-1
DUF,100,NonPerishable,-1,796,0,414.65,0.1,456.115,131.62,283.03,-1
DUuvjuraDyqHuRs,176,NonPerishable,-1,391,0,449.49,0.1,494.439,174.36,275.13,-1
DfE,61,NonPerishable,-1,721,0,320.32,0.1,352.352,79.49,240.83,-1
DfIWuaEdgQTuT,262,Perishable,-1,75,0,206.49,0.1,227.139,54.98,151.51,10/28/2032
DpInaRhLrBjknZRWLrdmZ,392,Perishable,-1,546,0,324.76,0.1,357.236,51.42,273.34,11/3/2031
DuQdZozOifGcRMPCmSs,393,Perishable,-1,572,0,164.53,0.1,180.983,60.54,103.99,7/13/2031
DwBurFZLUebxEylXqEBjAQCktqHyuvVX,252,Perishable,-1,404,0,325.14,0.1,357.654,144.14,181,8/24/2032
DzHUIxrVHfVbSERaVpEqbHZiD,488,Perishable,-1,47,0,167.42,0.1,184.162,13.12,154.3,10/19/2027
EBZsvZTCvd,7,NonPerishable,-1,605,0,318.67,0.1,350.537,28.75,289.92,-1
EDpYFRJETCerPuz,87,NonPerishable,-1,66,0,22.16,0.1,24.376,3.75,18.41,-1
ENCCyUhEy,127,NonPerishable,-1,374,0,203.54,0.1,223.894,76.43,127.11,-1
EVSlSFRqnZroKjxGwSXsnBuigChcZvA,227,NonPerishable,-1,674,0,376.45,0.1,414.095,39.3,337.15,-1
EnzXDHVLvjjYOPIHLYKDI,421,Perishable,-1,905,0,464.39,0.1,510.829,119,345.39,7/22/2033
EptVwPcuWhUrCeDyjLpiEoe,174,NonPerishable,-1,574,0,397.46,0.1,437.206,168.91,228.55,-1
EqIMaRpCuQZ,426,Perishable,-1,311,0,102.2,0.1,112.42,5.6,96.6,8/2/2030
ErYUzJCqCQwQ,449,Perishable,-1,82,0,301.26,0.1,331.386,137.46,163.8,2/2/2034
ExJdiYcoEnMtAtmGRcUUc,414,Perishable,-1,294,0,62.11,0.1,68.321,1.13,60.98,3/2/2030
FTLBKcAjltjlYyfCAKKlrKGTvXy,448,Perishable,-1,583,0,241.92,0.1,266.112,33.23,208.69,3/9/2035
FTSjDgOfLCYxDroIVPLeX,424,Perishable,-1,938,0,292.95,0.1,322.245,135.88,157.07,12/27/2030
FUpGGF,405,Perishable,-1,780,0,161.9,0.1,178.09,70.23,91.67,2/3/2031
FXFB,350,Perishable,-1,497,0,380.47,0.1,418.517,29.62,350.85,1/18/2025
FcptSkJUtrQJAXzadhJgxIvpkHjdm,249,NonPerishable,-1,791,0,63.2,0.1,69.52,21.31,41.89,-1
FfIBOdeKpPjnsmaZL,494,Perishable,-1,567,0,455.52,0.1,501.072,112.69,342.83,8/4/2027
FglaPEvDwGJeycEuLE,484,Perishable,-1,387,0,173.76,0.1,191.136,29.56,144.2,6/7/2026
FnBYAKTfvxTgKGXWZOQIBowZMTZRSQK,292,Perishable,-1,772,0,165.61,0.1,182.171,58.18,107.43,9/24/2031
FoQQdNOlbaxph,89,NonPerishable,-1,551,0,10.42,0.1,11.462,3.9,6.52,-1
FtGfRAbmHYeXAhehxRIeoSzeIXQO,229,NonPerishable,-1,956,0,205.61,0.1,226.171,62.97,142.64,-1
G,146,NonPerishable,-1,947,0,77.46,0.1,85.206,26.66,50.8,-1
GEQofivzaPztYVeecFf,267,Perishable,-1,32,0,285.49,0.1,314.039,51.9,233.59,9/4/2026
GEmWuyopIArngjlsf,167,NonPerishable,-1,517,0,156.76,0.1,172.436,1.91,154.85,-1
GbxOojXjmnwHreJl,152,NonPerishable,-1,903,0,269.54,0.1,296.494,114.68,154.86,-1
GgsyMlSZZzVjTmMVDNdPMjxSsjYbw,462,Perishable,-1,827,0,134.63,0.1,148.093,61.02,73.61,6/28/2026
GiqDRwGHvdQmHLDWgZp,18,NonPerishable,-1,147,0,467.92,0.1,514.712,15.72,452.2,-1
GmIsSiqfG,136,NonPerishable,-1,872,0,377.37,0.1,415.107,164.82,212.55,-1
GrXLzyuHEKfWEtUE,354,Perishable,-1,696,0,37.53,0.1,41.283,6.32,31.21,10/1/2026
Gxmda,228,NonPerishable,-1,53,0,276.14,0.1,303.754,15.73,260.41,-1
GzhvqkqwSCCYvR,302,Perishable,-1,918,0,87.56,0.1,96.316,11.6,75.96,11/20/2033
GzleaWCcrGCdWxigKFTVajg,195,NonPerishable,-1,328,0,29.21,0.1,32.131,7.01,22.2,-1
HBQd,475,Perishable,-1,250,0,499.86,0.1,549.846,63.07,436.79,7/1/2023
HLYfsauGdRMe,169,NonPerishable,-1,881,0,489.64,0.1,538.604,86.74,402.9,-1
HMSJowPiejsPPVu,233,NonPerishable,-1,248,0,67.26,0.1,73.986,2.89,64.37,-1
HUUffEJEl,334,Perishable,-1,242,0,174.64,0.1,192.104,15.15,159.49,9/6/2026
HZYWfzYLULDElgoMufT,126,NonPerishable,-1,971,0,21.3,0.1,23.43,5.37,15.93,-1
HZgOrHUqpzWae,476,Perishable,-1,539,0,3.27,0.1,3.597,1.48,1.79,11/24/2027
HfjrQFKCCBlLWjQNHwNqUsq,469,Perishable,-1,732,0,366.78,0.1,403.458,160.62,206.16,11/13/2024
HnfKqovmjcnFjYEHldFAgkTMdYMQL,185,NonPerishable,-1,478,0,197.25,0.1,216.975,52.67,144.58,-1
HprzKaalsxX,461,Perishable,-1,224,0,482.67,0.1,530.937,9.09,473.58,7/27/2033
HrUnrtgoh,470,Perishable,-1,419,0,355.49,0.1,391.039,2.84,352.65,2/4/2026
HuCte,431,Perishable,-1,905,0,89.15,0.1,98.065,16.54,72.61,8/17/2028
IIjBH,436,Perishable,-1,93,0,30.24,0.1,33.264,9.27,20.97,9/8/2025
IRCZwOCqfrvVYUcSFzKQQWScbehFi,251,Perishable,-1,940,0,214.34,0.1,235.774,41.05,173.29,10/3/2023
ITwvCwQqNcCXhWiBZjVCtH,30,NonPerishable,-1,875,0,47.25,0.1,51.975,8.01,39.24,-1
IYuTUybkltu,217,NonPerishable,-1,75,0,158.41,0.1,174.251,27.3,131.11,-1
IkTjkKSpVwBCEzfSlEJTO,372,Perishable,-1,784,0,433.43,0.1,476.773,127.47,305.96,1/12/2024
ImQupeMyNrPsoaKQNga,313,Perishable,-1,354,0,387.54,0.1,426.294,36.38,351.16,3/3/2027
IqRPt,293,Perishable,-1,329,0,128.26,0.1,141.086,2.22,126.04,1/17/2035
IrcvpFxNtRlIScfibxb,96,NonPerishable,-1,946,0,177,0.1,194.7,59.09,117.91,-1
JDHDNZZnVAUdumbysbmOPMsTvXRGoawQ,345,Perishable,-1,592,0,68.8,0.1,75.68,23.7,45.1,3/28/2035
JDODH,308,Perishable,-1,931,0,152.31,0.1,167.541,9.35,142.96,11/5/2031
JSbLNWuHBsdSJsyRTNGnAQNI,119,NonPerishable,-1,262,0,396.3,0.1,435.93,82.02,314.28,-1
JZEye,147,NonPerishable,-1,239,0,359.33,0.1,395.263,28,331.33,-1
Je,452,Perishable,-1,898,0,197.02,0.1,216.722,82.88,114.14,11/25/2026
JfCXmUlkmdMQpUqhfAHXcBCBm,242,NonPerishable,-1,916,0,104.33,0.1,114.763,27.21,77.12,-1
KQHMI,199,NonPerishable,-1,421,0,496.19,0.1,545.809,36.76,459.43,-1
KRHFnvMTp,298,Perishable,-1,375,0,334.12,0.1,367.532,130.1,204.02,1/27/2023
KShnbUDnxfRPRznoyAxcRdWQKPA,347,Perishable,-1,654,0,98.07,0.1,107.877,42.79,55.28,4/22/2025
KbxOnFsHDLpPllFKTvzdeVYzLzrjhreD,52,NonPerishable,-1,157,0,87,0.1,95.7,40.95,46.05,-1
Kh,284,Perishable,-1,317,0,92.13,0.1,101.343,12.86,79.27,2/4/2026
KkrkTZTguwBNKZZtHvZUZUiSftvREUg,480,Perishable,-1,18,0,441.92,0.1,486.112,195.52,246.4,1/17/2027
L,276,Perishable,-1,589,0,66.16,0.1,72.776,21.22,44.94,8/26/2029
LAdNiQvJKrwSb,247,NonPerishable,-1,75,0,77.74,0.1,85.514,21.17,56.57,-1
LLfLmAmhjJM,365,Perishable,-1,375,0,78.23,0.1,86.053,21.12,57.11,2/4/2028
LaGetPApWsfOQdChlAoclvUzIerYZK,250,Perishable,-1,738,0,34.91,0.1,38.401,13.87,21.04,8/8/2024
MNbzdKUuXPAEDgwYA,64,NonPerishable,-1,882,0,425.25,0.1,467.775,114.09,311.16,-1
MNogBaKSTjEoHHwqRpWLRgxCVzSY,117,NonPerishable,-1,189,0,138.37,0.1,152.207,55.44,82.93,-1
MchSZdGcGolVqbbDIEESwaqfWq,11,NonPerishable,-1,517,0,182.58,0.1,200.838,46.74,135.84,-1
McvIkGTeGkNvlKfAUsV,5,NonPerishable,-1,755,0,422.43,0.1,464.673,61.25,361.18,-1
MdndUYYuxufoDDSCbOgmyCIWlrw,38,NonPerishable,-1,991,0,307.87,0.1,338.657,54.93,252.94,-1
MgDWFJgsHrqhJaOMDgpfbKrEKaLu,106,NonPerishable,-1,2,0,92.29,0.1,101.519,2.75,89.54,-1
MshidCCvRxWfAJTkCSsUpnbZX,131,NonPerishable,-1,249,0,147.17,0.1,161.887,11.2,135.97,-1
MuazMCxBuGFAxJxp,0,NonPerishable,-1,580,0,454.91,0.1,500.401,145.59,309.32,-1
NBeHDKYAzCJRWCrDWWnuERkzgENPTqb,6,NonPerishable,-1,977,0,441.29,0.1,485.419,204.24,237.05,-1
NFAyvqkrfThrkZFBjRqVSISbDFuE,123,NonPerishable,-1,103,0,172.37,0.1,189.607,80.56,91.81,-1
NNaBWaWMqHF,53,NonPerishable,-1,725,0,370.61,0.1,407.671,147.71,222.9,-1
NYDVviIAhkdhRBZ,69,NonPerishable,-1,368,0,217.79,0.1,239.569,36.06,181.73,-1
NZuQoiQAvHjTeRslhVjzECq,459,Perishable,-1,464,0,241.83,0.1,266.013,95.37,146.46,2/1/2029
NdWujWfuTdvCgxnnjtQZfZ,315,Perishable,-1,617,0,136.14,0.1,149.754,13.64,122.5,2/13/2031
NkceaYppcfdnkeoSu,164,NonPerishable,-1,721,0,389.19,0.1,428.109,161.17,228.02,-1
NokzJVbFWVJwrfBqiPwJkupN,259,Perishable,-1,52,0,66.29,0.1,72.919,18.79,47.5,9/10/2029
NqEPqRXjPSyYVRGuggGqzFuuUt,45,NonPerishable,-1,177,0,324.83,0.1,357.313,139.67,185.16,-1
NrXrhkcDgIcGsIRcycjilFrJVCwRK,43,NonPerishable,-1,864,0,449.11,0.1,494.021,125.08,324.03,-1
NsuYorb,263,Perishable,-1,702,0,192.62,0.1,211.882,44.89,147.73,2/18/2025
NudgGtAJ,125,NonPerishable,-1,174,0,139.94,0.1,153.934,32.79,107.15,-1
O,226,NonPerishable,-1,753,0,225.22,0.1,247.742,26.57,198.65,-1
ODjIutplHvDQUrjDoVvKNUSAWqrdD,349,Perishable,-1,755,0,433.27,0.1,476.597,157.74,275.53,1/23/2028
OavxkBWEdner,99,NonPerishable,-1,792,0,272.25,0.1,299.475,55.76,216.49,-1
OdYaMuXizhglmtCVvdvNEkUpIqqQVAF,320,Perishable,-1,478,0,425.5,0.1,468.05,194.68,230.82,5/3/2033
OnknSMODZWe,194,NonPerishable,-1,642,0,139.48,0.1,153.428,54.2,85.28,-1
OpGfEBkBNionnxSVtHuQVYhubnxb,331,Perishable,-1,129,0,279.2,0.1,307.12,35.94,243.26,8/2/2027
OqEAtHnCvmtLxLfvaPeChKgJiXgdnZ,33,NonPerishable,-1,609,0,226.98,0.1,249.678,68.24,158.74,-1
PHSoANCXfNGnvBwmyMvy,437,Perishable,-1,760,0,219.34,0.1,241.274,44.78,174.56,7/18/2027
PQMcmVEVfrUtADIUXLerTzvCO,377,Perishable,-1,921,0,395.26,0.1,434.786,34.23,361.03,3/1/2034
PcFmpwJIcAQMwKioN,400,Perishable,-1,128,0,231.4,0.1,254.54,24.37,207.03,5/16/2026
PccZsWYXcwobcTfcORFOsaeW,3,NonPerishable,-1,282,0,95.86,0.1,105.446,39.9,55.96,-1
PeRCwmvbPBnGCzcJmBQiAK,8,NonPerishable,-1,939,0,8.86,0.1,9.746,2.54,6.32,-1
PwAfyzgL,346,Perishable,-1,815,0,333.3,0.1,366.63,88.72,244.58,7/4/2028
PyBlsl,406,Perishable,-1,280,0,398.94,0.1,438.834,100.54,298.4,1/8/2035
QDBjNNMoKMkaBcTNucxZyh,210,NonPerishable,-1,16,0,473.46,0.1,520.806,55.57,417.89,-1
QFiucDxMzENTYmpg,54,NonPerishable,-1,489,0,380.08,0.1,418.088,95.16,284.92,-1
QIzEEFMqTwIWTkOPKOtMoPakN,352,Perishable,-1,766,0,307.75,0.1,338.525,18.81,288.94,7/26/2030
QeAgaUbQAmyrrqZojx,81,NonPerishable,-1,139,0,422.58,0.1,464.838,1.81,420.77,-1
QgVaRZRSz,208,NonPerishable,-1,60,0,197.74,0.1,217.514,5.66,192.08,-1
QgskWdwVxn,389,Perishable,-1,498,0,195.29,0.1,214.819,74,121.29,5/1/2035
QsSnJaokAaBKFmDHFqMdYBJAWEjcRCud,319,Perishable,-1,487,0,55.85,0.1,61.435,12.02,43.83,7/5/2029
QtirXiZZYeqExDo,162,NonPerishable,-1,559,0,283.45,0.1,311.795,54.8,228.65,-1
QwxOshVvLaJVzoOivvZOxXLdijDSNUzx,132,NonPerishable,-1,375,0,424.37,0.1,466.807,34.79,389.58,-1
RHLMrcKUaPYBefLFjekqEMgOShnFnsD,491,Perishable,-1,849,0,353.29,0.1,388.619,75.17,278.12,12/26/2030
RIu,84,NonPerishable,-1,560,0,340.66,0.1,374.726,11.8,328.86,-1
RNvfojFIjHvREYFXnAqVejjFvB,268,Perishable,-1,945,0,422.76,0.1,465.036,129.57,293.19,6/15/2034
ROUOapsHH,1,NonPerishable,-1,430,0,194.54,0.1,213.994,65.15,129.39,-1
RUcAemA,266,Perishable,-1,482,0,317.96,0.1,349.756,111.56,206.4,2/25/2029
RYQFlejotnSXq,50,NonPerishable,-1,430,0,42.4,0.1,46.64,17.27,25.13,-1
ReTRhtrfaMwiOvDCdxduhRWSj,451,Perishable,-1,23,0,173.4,0.1,190.74,57.12,116.28,2/27/2034
RnzeJytKmZgAZgQk,368,Perishable,-1,645,0,493.11,0.1,542.421,37.58,455.53,6/14/2023
RqpJakLrre,245,NonPerishable,-1,465,0,460.07,0.1,506.077,171.66,288.41,-1
SBXejjNMyShogMMBYbXlEiefmvR,332,Perishable,-1,730,0,132.5,0.1,145.75,64.17,68.33,1/8/2024
SGWqRsVMFSUxiTzzmhanRpH,387,Perishable,-1,937,0,358.85,0.1,394.735,5.5,353.35,7/6/2035
SJFPYCaLkUFDYZ,248,NonPerishable,-1,441,0,431.49,0.1,474.639,33.17,398.32,-1
SNbkbRwDInZgaFRpaTjXZL,376,Perishable,-1,310,0,179.71,0.1,197.681,14.35,165.36,6/22/2035
SPKgglOcQJqibeRvBtcNtfXOkhxPG,144,NonPerishable,-1,283,0,134.79,0.1,148.269,42.58,92.21,-1
SRLWgDncsDTWxgtFZQgUWWCHrWzMFnD,285,Perishable,-1,266,0,281.16,0.1,309.276,108.24,172.92,5/5/2024
SUuhManBLXNsFQqfOSQENkrBqzAIOwiM,60,NonPerishable,-1,739,0,75.72,0.1,83.292,6.34,69.38,-1
SjGX,411,Perishable,-1,932,0,406.64,0.1,447.304,194.72,211.92,12/9/2035
SkrDyadCuGkGDHHQRCTdxSMICcW,447,Perishable,-1,423,0,55.3,0.1,60.83,16.49,38.81,4/15/2027
SlFMDbAzFOKTaWLRBX,140,NonPerishable,-1,746,0,479.08,0.1,526.988,35.32,443.76,-1
TDWAFbwVFqWZw,312,Perishable,-1,350,0,435.72,0.1,479.292,33.21,402.51,5/19/2035
THSaDjvkQ,23,NonPerishable,-1,695,0,305.47,0.1,336.017,115.64,189.83,-1
TMQpimVosNToPjWqQzxgYnBtJXV,316,Perishable,-1,283,0,405.34,0.1,445.874,132.82,272.52,1/18/2032
TMuZpiidyCgxQOAJHxW,47,NonPerishable,-1,447,0,19.28,0.1,21.208,8.48,10.8,-1
TOnfNmXnDFwULSaupawVo,363,Perishable,-1,609,0,394.65,0.1,434.115,94.04,300.61,12/15/2029
TQDItfGqhdvoYhOdKLpGaV,301,Perishable,-1,670,0,320.93,0.1,353.023,6.44,314.49,6/6/2029
TSLwgoVDxkomIBWwHP,318,Perishable,-1,78,0,136.74,0.1,150.414,40.19,96.55,12/17/2028
ToEqMTzrcMKtnOdZxEtKZFxiGHPq,196,NonPerishable,-1,708,0,462.27,0.1,508.497,184.11,278.16,-1
TojSRkwzeR,27,NonPerishable,-1,382,0,172.9,0.1,190.19,15.92,156.98,-1
TuLReByTnfEBUYhmxFwbTqFjfwI,70,NonPerishable,-1,247,0,16.84,0.1,18.524,1.45,15.39,-1
Tvmkrln,110,NonPerishable,-1,376,0,73.29,0.1,80.619,24.97,48.32,-1
Tvp,224,NonPerishable,-1,881,0,467.36,0.1,514.096,202.07,265.29,-1
TzhuDTplHLnhtuXpvkkSBjedSBvIV,410,Perishable,-1,605,0,424.35,0.1,466.785,50.93,373.42,8/26/2033
UDmhgUzzBmbZqiwzXlmZUdQnpRVY,306,Perishable,-1,31,0,476.79,0.1,524.469,206.87,269.92,4/15/2028
UIAIeEbqydaynttvhFNsRmDsqLjKpE,77,NonPerishable,-1,42,0,251.61,0.1,276.771,123.55,128.06,-1
UIPAYtb,454,Perishable,-1,790,0,203.91,0.1,224.301,53.72,150.19,12/16/2035
UJfaNwGxFJbPxLIDWcvdqMrkE,254,Perishable,-1,203,0,362.21,0.1,398.431,19.1,343.11,6/15/2028
UPvozaaOFIyrllfPUCRopdoOgLA,197,NonPerishable,-1,958,0,8.37,0.1,9.207,4.12,4.25,-1
UUkPuXwipXaJYisQDA,277,Perishable,-1,30,0,106.95,0.1,117.645,39.85,67.1,8/2/2032
UWwYQZXMYLaCJEUXoyGErG,145,NonPerishable,-1,953,0,481.94,0.1,530.134,21.93,460.01,-1
UdiqeWI,341,Perishable,-1,926,0,459.41,0.1,505.351,157.93,301.48,4/25/2031
UihcaHVR,83,NonPerishable,-1,67,0,92.54,0.1,101.794,41.37,51.17,-1
UlE,420,Perishable,-1,5,0,172.3,0.1,189.53,78.34,93.96,10/25/2023
UozzeYGpFrIkDaotxROcqYrzOTkDB,118,NonPerishable,-1,820,0,269.37,0.1,296.307,14.41,254.96,-1
UryfhVC,390,Perishable,-1,942,0,21.49,0.1,23.639,2.74,18.75,11/6/2034
V,498,Perishable,-1,718,0,220.56,0.1,242.616,35.86,184.7,7/5/2028
VDOnxrtaoWuHTbnEJfbgRdvn,307,Perishable,-1,812,0,314.09,0.1,345.499,64.24,249.85,11/23/2033
VE,330,Perishable,-1,188,0,375.7,0.1,413.27,109.05,266.65,9/21/2026
VJPrMxBCKONykiaQDGnyRcFMPggt,443,Perishable,-1,7,0,446.62,0.1,491.282,196.8,249.82,12/16/2034
VPsCtfSCDyb,264,Perishable,-1,176,0,136.86,0.1,150.546,29.53,107.33,1/15/2023
VRYpBcKugbTIeYAkCaAAhslPzTy,218,NonPerishable,-1,638,0,408.07,0.1,448.877,157.28,250.79,-1
VZVr,358,Perishable,-1,78,0,172.38,0.1,189.618,27.26,145.12,5/1/2025
VcLNlHqYLK,239,NonPerishable,-1,250,0,198.14,0.1,217.954,89.65,108.49,-1
Vy,305,Perishable,-1,988,0,290.98,0.1,320.078,51.29,239.69,4/9/2028
WBtsDrRKMrORdfyUBWCzvxUDLIBrfXtF,434,Perishable,-1,796,0,20.32,0.1,22.352,7.94,12.38,6/25/2035
WGXGHbSjklaOJpkGSimcgc,122,NonPerishable,-1,413,0,317.66,0.1,349.426,73.12,244.54,-1
WN,380,Perishable,-1,40,0,393.96,0.1,433.356,126.84,267.12,10/2/2024
WPQDIZZIOQZicdZPnLXzVDnNaKzD,56,NonPerishable,-1,940,0,16.03,0.1,17.633,4.46,11.57,-1
WRogpW,186,NonPerishable,-1,875,0,150.02,0.1,165.022,4.2,145.82,-1
WSHkyMGJQKiZinjXd,178,NonPerishable,-1,384,0,157.21,0.1,172.931,11.51,145.7,-1
WguAjKHIXL,4,NonPerishable,-1,996,0,451.38,0.1,496.518,36.11,415.27,-1
WlXiLRmc,65,NonPerishable,-1,877,0,315.72,0.1,347.292,109.15,206.57,-1
WoXdslSpYrQAkOzIKCCPsjxBMnyGwCI,137,NonPerishable,-1,616,0,197.99,0.1,217.789,29.16,168.83,-1
WowtqOlEIWuCzPGLlqmfiYxz,478,Perishable,-1,230,0,365.68,0.1,402.248,119.54,246.14,8/28/2024
WrTv,223,NonPerishable,-1,392,0,183.14,0.1,201.454,81.6,101.54,-1
WtQoJjMeuixOvAwGWOt,439,Perishable,-1,544,0,18.84,0.1,20.724,0.47,18.37,12/1/2034
XICHfrPrdunNadh,309,Perishable,-1,52,0,399.36,0.1,439.296,53.22,346.14,5/22/2035
XLFEIgUwLVWBYMfxJnCLu,116,NonPerishable,-1,322,0,358.1,0.1,393.91,174.07,184.03,-1
XOLXDFKvOYxfuoBDRX,98,NonPerishable,-1,757,0,415.72,0.1,457.292,202.33,213.39,-1
XbLcMy,435,Perishable,-1,326,0,326.78,0.1,359.458,64.31,262.47,3/2/2023
XbpuU,113,NonPerishable,-1,628,0,382.39,0.1,420.629,148.43,233.96,-1
XiBxKmkZOdeCgquITKsC,473,Perishable,-1,381,0,84.37,0.1,92.807,35.7,48.67,9/5/2034
XsfTyCUqgjseNPvhDYSqBVmghTbrjFct,75,NonPerishable,-1,295,0,422.16,0.1,464.376,149.62,272.54,-1
XuAPavikfWmCCTTtDrxEzSgoe,220,NonPerishable,-1,32,0,389.9,0.1,428.89,167.17,222.73,-1
XwnCuNeKJsTCXBLREFyLZqmZpVBGRBtg,314,Perishable,-1,500,0,102.75,0.1,113.025,22.14,80.61,4/18/2029
XxJSlcWqlKaQMZWEvy,111,NonPerishable,-1,350,0,208.45,0.1,229.295,95.74,112.71,-1
XzrIWeIfPRw,55,NonPerishable,-1,987,0,46.41,0.1,51.051,17.35,29.06,-1
YBkpSLbpXZ,24,NonPerishable,-1,344,0,438.95,0.1,482.845,177.46,261.49,-1
YJZnjjMLWzbvJhimhpFkDSOCFqiXBa,13,NonPerishable,-1,301,0,254.95,0.1,280.445,81.99,172.96,-1
YKtBtJFGlfhTLPaziztM,238,NonPerishable,-1,628,0,405.99,0.1,446.589,80.97,325.02,-1
YNjoXWtydJxjSHwpuGtULdRJD,385,Perishable,-1,320,0,156.05,0.1,171.655,27.39,128.66,10/17/2025
YS,440,Perishable,-1,263,0,313.58,0.1,344.938,125.87,187.71,12/11/2029
YSsoDYpLTrOEAtNcNG,72,NonPerishable,-1,746,0,212.67,0.1,233.937,48.81,163.86,-1
YTUITMnlgYdscVdacb,25,NonPerishable,-1,976,0,70.61,0.1,77.671,32.06,38.55,-1
YTnPwJ,219,NonPerishable,-1,955,0,2.61,0.1,2.871,1.21,1.4,-1
YeczXfhRpNqlhbVNggRnhwHJSGe,138,NonPerishable,-1,886,0,465.71,0.1,512.281,161.17,304.54,-1
YhbJ,166,NonPerishable,-1,546,0,413.9,0.1,455.29,183.89,230.01,-1
YsJXERVwbWFUxjeEn,471,Perishable,-1,535,0,329.59,0.1,362.549,85.54,244.05,11/4/2023
YzxXYSUAwJgYaesCPRYugirkeXqqywS,21,NonPerishable,-1,120,0,474.4,0.1,521.84,87.87,386.53,-1
ZEuQgBqFMyu,158,NonPerishable,-1,53,0,161.07,0.1,177.177,67.32,93.75,-1
ZKAyBf,32,NonPerishable,-1,595,0,70.35,0.1,77.385,18.27,52.08,-1
ZLeGeASywHslWIwI,243,NonPerishable,-1,940,0,424.1,0.1,466.51,96.62,327.48,-1
ZRcvkJxnWphTDwrmJmsRaGlOm,151,NonPerishable,-1,827,0,56.17,0.1,61.787,25.7,30.47,-1
ZVRpoAUzfMJlnDwUuLFofkoyNloZoNgP,388,Perishable,-1,167,0,254.29,0.1,279.719,52.85,201.44,7/27/2029
Zc,381,Perishable,-1,585,0,176.05,0.1,193.655,13.03,163.02,2/19/2032
ZiStjYgmPjOXJ,290,Perishable,-1,965,0,142.24,0.1,156.464,46.73,95.51,5/15/2029
ZjJzMIyAATcIJbFOuUSXifpUkxOiYhA,121,NonPerishable,-1,933,0,333.22,0.1,366.542,154.04,179.18,-1
ZkLZnnt,373,Perishable,-1,384,0,279.23,0.1,307.153,82.1,197.13,1/27/2030
ZpDsvZJIjnPbcZBoGMJqJB,204,NonPerishable,-1,550,0,260,0.1,286,39.5,220.5,-1
ZzqcUfjLLgWmGoSjOuMUcCGNlO,416,Perishable,-1,643,0,4.15,0.1,4.565,1.77,2.38,6/10/2026
a,384,Perishable,-1,631,0,404.02,0.1,444.422,120.04,283.98,3/24/2026
aETEXdDXJrQeoxdbYdpCKPNhFLzGzc,189,NonPerishable,-1,245,0,32.23,0.1,35.453,14.1,18.13,-1
aMrltwaLCZs,275,Perishable,-1,546,0,173.32,0.1,190.652,55.79,117.53,4/26/2032
aOW,397,Perishable,-1,578,0,107.9,0.1,118.69,25.89,82.01,9/25/2027
aRNiwHxjGGORgcwjRFzBByxsrQBLX,170,NonPerishable,-1,914,0,395.09,0.1,434.599,138.66,256.43,-1
aU,465,Perishable,-1,982,0,249.26,0.1,274.186,4.38,244.88,11/16/2035
aXuUKpQxPNMyTFtXOIupg,93,NonPerishable,-1,811,0,136.93,0.1,150.623,39.47,97.46,-1
aaC,270,Perishable,-1,901,0,286.95,0.1,315.645,94.16,192.79,8/8/2032
aehLWLsTMlkleOGsfqbRCGMiVTkMfHe,356,Perishable,-1,706,0,452.51,0.1,497.761,189.4,263.11,8/4/2033
alFQmFVlHdiVQp,457,Perishable,-1,486,0,467.48,0.1,514.228,93.04,374.44,1/13/2024
anfLDUpMHXOnqNJCw,323,Perishable,-1,319,0,498.03,0.1,547.833,115.99,382.04,11/12/2034
atyeKvkmAGJ,124,NonPerishable,-1,198,0,132.83,0.1,146.113,51.24,81.59,-1
ayiDJeZTvvxyoSfxz,432,Perishable,-1,778,0,253.98,0.1,279.378,88.33,165.65,10/17/2034
bCMlGrMOnWYAQAWQbfLfmUofri,181,NonPerishable,-1,997,0,256.99,0.1,282.689,89.22,167.77,-1
bGnyF,497,Perishable,-1,499,0,79.27,0.1,87.197,9.49,69.78,2/20/2029
bMrbi,143,NonPerishable,-1,818,0,177.02,0.1,194.722,33.79,143.23,-1
bNeyWENSTLwspjtGfrTeRjkQni,333,Perishable,-1,934,0,180.54,0.1,198.594,56.83,123.71,4/26/2025
bPLOKcrvRMajLxifyiSiUMueRcUwdjnY,467,Perishable,-1,7,0,452.47,0.1,497.717,136.92,315.55,2/2/2027
bQJYXpfouTJAzmkieVvJHfTp,90,NonPerishable,-1,590,0,48.04,0.1,52.844,7.71,40.33,-1
bXgLAMVrkGdrthSFrWBuMQmTFRhTinY,187,NonPerishable,-1,949,0,326.84,0.1,359.524,40.79,286.05,-1
bYRFvnNWmAWJubvrFbfKk,28,NonPerishable,-1,715,0,401.42,0.1,441.562,93.1,308.32,-1
bqRVQvNjqEjGIGvvZgskMfMOsyiiZvmB,477,Perishable,-1,402,0,359.62,0.1,395.582,101.83,257.79,1/26/2030
bxKdZRuTrjDB,234,NonPerishable,-1,582,0,213.15,0.1,234.465,60.68,152.47,-1
cBBIvLzRJwaSLFCUmUwHhBwe,209,NonPerishable,-1,383,0,424.02,0.1,466.422,19.74,404.28,-1
cGcHXpbnFQQO,446,Perishable,-1,824,0,254.84,0.1,280.324,74.31,180.53,3/24/2027
cHxJpTjLwjfcbcT,62,NonPerishable,-1,77,0,381.18,0.1,419.298,89.33,291.85,-1
cLBBniHwAb,364,Perishable,-1,910,0,107.93,0.1,118.723,36.53,71.4,1/4/2025
cSNJOBvlzQiqamulNGkobkXIbxP,19,NonPerishable,-1,474,0,23.51,0.1,25.861,10,13.51,-1
cSjvxMMAHPbMGGyVY,412,Perishable,-1,999,0,277.68,0.1,305.448,119.82,157.86,10/13/2025
cWNGJNJqhYOs,339,Perishable,-1,123,0,408.97,0.1,449.867,150.73,258.24,6/13/2024
clMNSBkqavglIrNEbUdyzjvmP,212,NonPerishable,-1,102,0,53.52,0.1,58.872,17.4,36.12,-1
clmxrjtLWxZdiCWdSZZcI,438,Perishable,-1,162,0,83.94,0.1,92.334,17.02,66.92,1/17/2032
cmRTYFRJthZHQqfoGEEMYjaOELPunHzK,188,NonPerishable,-1,656,0,346.85,0.1,381.535,25.81,321.04,-1
cmxtygMjnApJlZjJjSQTEzGETDVH,444,Perishable,-1,492,0,17.58,0.1,19.338,6.9,10.68,3/5/2033
cvAbftxAQ,59,NonPerishable,-1,63,0,362.35,0.1,398.585,16.14,346.21,-1
dBLMmec,362,Perishable,-1,445,0,429.84,0.1,472.824,174.65,255.19,1/12/2035
dISO,107,NonPerishable,-1,190,0,16.37,0.1,18.007,2.35,14.02,-1
dKAFsbkppIqnBeHahnESEjEc,130,NonPerishable,-1,591,0,318.29,0.1,350.119,0.72,317.57,-1
dSaVMjYUSJYnRAoa,456,Perishable,-1,349,0,234.41,0.1,257.851,14.64,219.77,11/21/2028
dSssKKpeKpbLHRoI,155,NonPerishable,-1,497,0,375.87,0.1,413.457,117.1,258.77,-1
dVEGZWTPzyVBvVDScLb,205,NonPerishable,-1,852,0,287.74,0.1,316.514,54.28,233.46,-1
dhgLNvHeqjlckFXmvJ,171,NonPerishable,-1,870,0,240.27,0.1,264.297,4.48,235.79,-1
dkguUnSirwFTSmiKWFJm,325,Perishable,-1,454,0,233.08,0.1,256.388,87.34,145.74,7/10/2024
dlMjLHWbEFmuLbw,9,NonPerishable,-1,688,0,401.94,0.1,442.134,26.82,375.12,-1
dmFVAg,57,NonPerishable,-1,921,0,364.95,0.1,401.445,171.78,193.17,-1
dxErBvCXbHYQNf,486,Perishable,-1,741,0,404.2,0.1,444.62,64.05,340.15,1/5/2030
eBSsKeHxMudCfY,343,Perishable,-1,701,0,238.55,0.1,262.405,11.59,226.96,8/15/2026
eSUDYFURXqLxQ,492,Perishable,-1,974,0,112.49,0.1,123.739,35.87,76.62,7/6/2025
eWwjqcfHyRSKgzs,321,Perishable,-1,112,0,471.78,0.1,518.958,59.88,411.9,10/1/2024
ewlgaZtxJfbqdeWiaDZzFvOWZk,278,Perishable,-1,136,0,400.15,0.1,440.165,121.92,278.23,12/14/2024
exGslxxMRPYDaRmAKGXJGwviN,324,Perishable,-1,638,0,242.07,0.1,266.277,76.33,165.74,6/11/2028
exanLaHdcDq,179,NonPerishable,-1,439,0,47.16,0.1,51.876,7.49,39.67,-1
fDzLZrXjEUMUCMSsAtcYWS,391,Perishable,-1,11,0,493.31,0.1,542.641,66.8,426.51,9/2/2035
fRNYTqKISQgxCnFpkRqHrYmgR,94,NonPerishable,-1,831,0,151.23,0.1,166.353,37.48,113.75,-1
fXfwJDditHDPlGnsBduBKGqoThcm,496,Perishable,-1,259,0,53.6,0.1,58.96,26.54,27.06,10/15/2025
fjieebyDhneqEBgNwpMkn,450,Perishable,-1,765,0,14.99,0.1,16.489,7,7.99,5/11/2032
fqXB,235,NonPerishable,-1,722,0,104.97,0.1,115.467,51.34,53.63,-1
fwZ,37,NonPerishable,-1,128,0,423.08,0.1,465.388,135.91,287.17,-1
gIGsnWdtanCcLNdHXdWMLjyLcN,433,Perishable,-1,683,0,314.32,0.1,345.752,27.78,286.54,9/11/2026
gLLdKgmyjFIjEtTv,66,NonPerishable,-1,316,0,237.16,0.1,260.876,41.73,195.43,-1
gM,153,NonPerishable,-1,114,0,334.87,0.1,368.357,61.8,273.07,-1
gZmidz,300,Perishable,-1,566,0,490.7,0.1,539.77,65.1,425.6,4/17/2025
geqNKRHIbKGvuOYoElNLKEYIHjyFotg,2,NonPerishable,-1,733,0,66.59,0.1,73.249,6.24,60.35,-1
gjGcjBrgUtLAQOhZUPIULxw,40,NonPerishable,-1,668,0,259.61,0.1,285.571,13.67,245.94,-1
gmRsDFb,49,NonPerishable,-1,880,0,185.88,0.1,204.468,59.7,126.18,-1
gqZtGnlGK,255,Perishable,-1,500,0,161.48,0.1,177.628,76.48,85,8/8/2034
gyzgxggsPMaxQVJkIVS,203,NonPerishable,-1,219,0,394.39,0.1,433.829,33.75,360.64,-1
hBvRobLviyoSMeobfeYpo,326,Perishable,-1,37,0,199.99,0.1,219.989,89.59,110.4,2/26/2023
hGRwfDzUKUNyXtiuddf,184,NonPerishable,-1,774,0,101.18,0.1,111.298,33.18,68,-1
hGtJZXjtpQIOxUY,495,Perishable,-1,222,0,198.82,0.1,218.702,23.96,174.86,6/1/2032
hQxmddylrtSVGm,463,Perishable,-1,688,0,316.49,0.1,348.139,64.86,251.63,12/10/2032
hbZnQK,78,NonPerishable,-1,668,0,354.29,0.1,389.719,68.02,286.27,-1
hdViWgSGMthMSi,86,NonPerishable,-1,884,0,440.49,0.1,484.539,139.47,301.02,-1
hjdFNjIpNrhQgw,165,NonPerishable,-1,765,0,145.96,0.1,160.556,48.16,97.8,-1
hnl,453,Perishable,-1,738,0,339.81,0.1,373.791,62.58,277.23,4/3/2033
hpE,141,NonPerishable,-1,610,0,317.75,0.1,349.525,117.8,199.95,-1
hqK,103,NonPerishable,-1,954,0,342.04,0.1,376.244,148.93,193.11,-1
iOvdTyTqpFnkqVuQktFzLIVjY,404,Perishable,-1,333,0,232.09,0.1,255.299,44.65,187.44,4/23/2025
iQGHdgoClKMgVsc,382,Perishable,-1,657,0,357.1,0.1,392.81,26.36,330.74,12/14/2033
iRxEKofNbbBEUIuKVdrMtbKcQlcFYn,172,NonPerishable,-1,734,0,69.84,0.1,76.824,16.27,53.57,-1
iSJOWzK,161,NonPerishable,-1,522,0,189.55,0.1,208.505,1.51,188.04,-1
iTTRAmHhzqmfjVEZRpB,366,Perishable,-1,752,0,37.33,0.1,41.063,14.94,22.39,10/5/2032
iWVvjPszd,423,Perishable,-1,597,0,396.31,0.1,435.941,170.2,226.11,10/19/2027
iZVUIblUa,236,NonPerishable,-1,759,0,120.53,0.1,132.583,2.16,118.37,-1
iajXULYPfsunczPaskNcItn,31,NonPerishable,-1,451,0,263.23,0.1,289.553,0.39,262.84,-1
ibKUAfCG,68,NonPerishable,-1,632,0,280.51,0.1,308.561,43.37,237.14,-1
iedIIMsOIntYeZwSDZUYhqxlG,280,Perishable,-1,157,0,225.95,0.1,248.545,58.06,167.89,1/1/2030
iihpjbIdDqCXNDrVkvpU,139,NonPerishable,-1,885,0,264.49,0.1,290.939,5.1,259.39,-1
iqOoaF,134,NonPerishable,-1,961,0,92.84,0.1,102.124,13.81,79.03,-1
ivZaZNwBCpYUQXFS,409,Perishable,-1,979,0,195.62,0.1,215.182,23.89,171.73,1/5/2032
izwbINYipVxFhozhtkwTw,128,NonPerishable,-1,59,0,99.09,0.1,108.999,30.28,68.81,-1
j,92,NonPerishable,-1,604,0,253.72,0.1,279.092,49.38,204.34,-1
jEwXBBqQgVcEcRSNaOxGqFzJUtNVbaZ,429,Perishable,-1,184,0,421.51,0.1,463.661,141.12,280.39,6/8/2035
jLxM,142,NonPerishable,-1,716,0,46.06,0.1,50.666,10.48,35.58,-1
jOzEXInCVByMcy,413,Perishable,-1,248,0,80.8,0.1,88.88,10.26,70.54,6/4/2027
jVRgeUAyyEkAnDadHKwfHqWD,241,NonPerishable,-1,710,0,200.12,0.1,220.132,86.7,113.42,-1
jZzXoKMCLKUfJGPmdKd,231,NonPerishable,-1,215,0,100.44,0.1,110.484,39.05,61.39,-1
ja,240,NonPerishable,-1,695,0,88.85,0.1,97.735,10.51,78.34,-1
jcUqzSOQecQbTEIFrwAj,489,Perishable,-1,852,0,433.36,0.1,476.696,61.65,371.71,11/18/2025
jj,482,Perishable,-1,711,0,168.13,0.1,184.943,28.4,139.73,11/26/2024
jjmTyvPtGIhjPCMG,279,Perishable,-1,337,0,69.89,0.1,76.879,29.64,40.25,9/28/2024
jtiJsZoPW,22,NonPerishable,-1,15,0,185.32,0.1,203.852,23.71,161.61,-1
k,206,NonPerishable,-1,217,0,231.35,0.1,254.485,76.45,154.9,-1
kAEPorAMBM,355,Perishable,-1,150,0,13.36,0.1,14.696,4.11,9.25,9/9/2032
kDyDNLYwpGFldaoXkmDWLIQdHlENEOJU,41,NonPerishable,-1,200,0,212.85,0.1,234.135,33.39,179.46,-1
kHrBldgdXQqTypeNhzXneBAZnJQUUJ,353,Perishable,-1,48,0,79.79,0.1,87.769,29.78,50.01,8/17/2023
kHvWX,337,Perishable,-1,274,0,358.66,0.1,394.526,30.49,328.17,11/18/2029
kMxNilpRKEAVVxLXvdLgYa,14,NonPerishable,-1,879,0,470.18,0.1,517.198,219.56,250.62,-1
kQiMOHBGzYudliQkHlpunDXkbYpkkOk,44,NonPerishable,-1,9,0,199.77,0.1,219.747,65.16,134.61,-1
kQnKHEDpLnUchOEcHKhqJVmlhsEowgG,157,NonPerishable,-1,335,0,17.51,0.1,19.261,6.21,11.3,-1
kSYqCnRUAic,269,Perishable,-1,872,0,307.23,0.1,337.953,87,220.23,1/7/2025
kbpZHXucQDWH,317,Perishable,-1,61,0,229.22,0.1,252.142,76.03,153.19,2/16/2034
kfeFpZNOlunJdAyCXjXxAKjYt,386,Perishable,-1,456,0,245.82,0.1,270.402,81.2,164.62,6/15/2034
kgByycfSczsuALZstUPmGobRyxB,260,Perishable,-1,681,0,267.92,0.1,294.712,67.45,200.47,9/13/2026
koPUzHykdEdkEVfFZgQLfCALSsqOoDDm,258,Perishable,-1,489,0,32.7,0.1,35.97,3.84,28.86,6/9/2032
kwUDOZAnFgRJnxEMmuMibRGCmW,294,Perishable,-1,517,0,418.08,0.1,459.888,58.02,360.06,3/12/2030
lCUrDPyCwU,168,NonPerishable,-1,852,0,262.33,0.1,288.563,40.46,221.87,-1
lKpvGWZuDqdY,163,NonPerishable,-1,359,0,42.49,0.1,46.739,11.68,30.81,-1
lOlekJcLKAKcyhofhlWQtELufsUA,369,Perishable,-1,317,0,101.79,0.1,111.969,24.78,77.01,9/27/2028
lRYqNKDfxtTydppgGV,328,Perishable,-1,515,0,430.84,0.1,473.924,155.78,275.06,2/20/2030
lhNPcMYZKwPR,287,Perishable,-1,375,0,449.03,0.1,493.933,206.42,242.61,6/21/2023
mAhkuNTQQZlsbLQnQYwodBHstCC,101,NonPerishable,-1,662,0,418.84,0.1,460.724,72.31,346.53,-1
mDjjlyufIPWYCJQoQBWlLCMtKb,159,NonPerishable,-1,968,0,185.71,0.1,204.281,69.52,116.19,-1
mEXoZRMvMPmsLxnlNycHEx,10,NonPerishable,-1,108,0,153.11,0.1,168.421,29.75,123.36,-1
mRRJgQuyA,34,NonPerishable,-1,783,0,61.76,0.1,67.936,28.91,32.85,-1
mSCYoUHzhoINkKTqatSE,408,Perishable,-1,890,0,313.19,0.1,344.509,63.46,249.73,11/18/2033
mXQxLXXpzJYKwj,425,Perishable,-1,396,0,195.67,0.1,215.237,64.56,131.11,2/14/2034
mYwWuhtJnOmd,490,Perishable,-1,980,0,186.52,0.1,205.172,23.47,163.05,6/5/2030
mZVaeSpFwaGscSZIbw,286,Perishable,-1,669,0,105.22,0.1,115.742,48.44,56.78,9/12/2028
mbSIk,303,Perishable,-1,332,0,285.97,0.1,314.567,30.33,255.64,2/27/2030
mbWaIGCdFIXaUJFSP,105,NonPerishable,-1,784,0,316.51,0.1,348.161,148.8,167.71,-1
mbaZNz,85,NonPerishable,-1,619,0,185.72,0.1,204.292,81.89,103.83,-1
mfKoEjzEGhBHlgrTNFgDXle,91,NonPerishable,-1,648,0,178.17,0.1,195.987,71.88,106.29,-1
mjXqgKkCBDgBcVDarygWIXCNBywdlD,338,Perishable,-1,601,0,204.15,0.1,224.565,79.85,124.3,1/14/2023
mkCzI,281,Perishable,-1,543,0,381.72,0.1,419.892,150.1,231.62,10/7/2034
mmxnEzzf,112,NonPerishable,-1,748,0,385.15,0.1,423.665,29.22,355.93,-1
mswwhZbBb,222,NonPerishable,-1,950,0,37.67,0.1,41.437,10.12,27.55,-1
nAziyCYPYcIeXLdlqX,67,NonPerishable,-1,797,0,411.66,0.1,452.826,52.19,359.47,-1
nCiIJJMPYWt,351,Perishable,-1,93,0,102.24,0.1,112.464,12.13,90.11,7/17/2035
nHcVrPlHiCqBKmLKVvRG,214,NonPerishable,-1,157,0,376.73,0.1,414.403,98.19,278.54,-1
nMnNJa,481,Perishable,-1,109,0,311.81,0.1,342.991,138.31,173.5,4/26/2035
nancRpKKNPegUlNhFqXFjwwqvdJ,289,Perishable,-1,495,0,285.61,0.1,314.171,63.81,221.8,12/7/2023
nbwkGAfcgODCLYwELdsbM,115,NonPerishable,-1,27,0,407.79,0.1,448.569,48.09,359.7,-1
ngcJtObBCpWgzxbdAQdQfOoIBblGUSyy,474,Perishable,-1,339,0,288.18,0.1,316.998,59.2,228.98,12/17/2030
nhnYEYJhsQMPKJjBtgzqBk,455,Perishable,-1,754,0,132.08,0.1,145.288,39.89,92.19,3/26/2026
nmjyxHYJjCAlzyRRuiJvDypxcxDQSdpU,335,Perishable,-1,850,0,190.29,0.1,209.319,78.59,111.7,7/22/2033
nrkSugvFxnokMaFAXtYWpLjM,190,NonPerishable,-1,2,0,401.59,0.1,441.749,76.25,325.34,-1
nuzKqSfT,120,NonPerishable,-1,465,0,56.71,0.1,62.381,17.48,39.23,-1
oJY,348,Perishable,-1,304,0,263.39,0.1,289.729,118.63,144.76,5/5/2025
oMhqzAKy,360,Perishable,-1,274,0,173.12,0.1,190.432,31.68,141.44,4/13/2033
oNnfbcHdxt,191,NonPerishable,-1,951,0,92.76,0.1,102.036,21.74,71.02,-1
oSDeMvfZQNyntEWvSooYvQZvvvQiiJu,407,Perishable,-1,737,0,33.71,0.1,37.081,0.48,33.23,11/28/2031
oZ,88,NonPerishable,-1,96,0,198.8,0.1,218.68,26.05,172.75,-1
ofpJvxAXmXiAagVpUwUpbffgttbzUDeG,304,Perishable,-1,7,0,450.02,0.1,495.022,123.44,326.58,10/27/2025
omMfgRAxGpD,39,NonPerishable,-1,881,0,59.48,0.1,65.428,24.6,34.88,-1
op,211,NonPerishable,-1,997,0,365.49,0.1,402.039,54.19,311.3,-1
ouQnuTqnkhHgJabBJiZrGxJ,419,Perishable,-1,103,0,245.88,0.1,270.468,71.01,174.87,1/18/2033
ovso,379,Perishable,-1,309,0,408.56,0.1,449.416,37.11,371.45,2/23/2027
p,71,NonPerishable,-1,772,0,252.72,0.1,277.992,21.61,231.11,-1
pUeFFyXKunhtq,340,Perishable,-1,668,0,491.2,0.1,540.32,117.23,373.97,2/12/2026
pWNqUAyAKHqkJcquFOqbGkrWgAvdHHL,73,NonPerishable,-1,544,0,27.49,0.1,30.239,8.97,18.52,-1
pYhzwplMhTZWX,283,Perishable,-1,900,0,8.4,0.1,9.24,1.74,6.66,4/5/2026
pcrPcKXDFLaUKDdqyhdxXg,288,Perishable,-1,176,0,99.57,0.1,109.527,43.61,55.96,7/1/2031
pdpnaoieawVw,271,Perishable,-1,214,0,268.46,0.1,295.306,85.76,182.7,10/8/2025
pgBWdttuJlZlBJbiVhwwOYNFnXH,464,Perishable,-1,834,0,336.77,0.1,370.447,157.32,179.45,3/18/2029
pqDmaFwVC,485,Perishable,-1,929,0,275.89,0.1,303.479,58.35,217.54,9/14/2031
pvAXvABJNPWsbWY,175,NonPerishable,-1,607,0,242.42,0.1,266.662,35.06,207.36,-1
pyxQCMJNhwEmmCVRNmY,201,NonPerishable,-1,760,0,253.95,0.1,279.345,91.13,162.82,-1
qHqdTCgkevxALYscFuJkZIgUzCea,207,NonPerishable,-1,5,0,69.97,0.1,76.967,32.19,37.78,-1
qLk,327,Perishable,-1,845,0,274.26,0.1,301.686,126.45,147.81,5/15/2026
qXqcplhN,114,NonPerishable,-1,273,0,87.76,0.1,96.536,11.06,76.7,-1
qYddWqHUOOtKMdIlsksluELfBEYy,295,Perishable,-1,934,0,206.29,0.1,226.919,49.61,156.68,5/2/2025
qcIsdhbVFjIQBdcNskIsQUznmjPMUf,215,NonPerishable,-1,73,0,114.32,0.1,125.752,31.11,83.21,-1
qdZPPtlZGUACL,154,NonPerishable,-1,602,0,452.19,0.1,497.409,225.8,226.39,-1
qnlSCHcWnbAppIojLQgHiW,422,Perishable,-1,205,0,212.53,0.1,233.783,55.98,156.55,12/15/2030
qwdRLrCtrPlyGXvdD,370,Perishable,-1,537,0,481.68,0.1,529.848,4.61,477.07,7/27/2035
rFbwMPDx,173,NonPerishable,-1,919,0,104.85,0.1,115.335,48.65,56.2,-1
rPvPEsRxiydiwbkZoA,374,Perishable,-1,125,0,111.83,0.1,123.013,12.83,99,6/14/2026
rbkMTlZSBwAwOFjtPyJETOTQgg,216,NonPerishable,-1,352,0,34.12,0.1,37.532,8.86,25.26,-1
rf,46,NonPerishable,-1,287,0,239.31,0.1,263.241,67.33,171.98,-1
rkiiXXLMsFKAPahcFCTlolOYcO,483,Perishable,-1,874,0,180.59,0.1,198.649,11.27,169.32,10/7/2034
rlkhDLFuPcGgZsE,399,Perishable,-1,966,0,138.89,0.1,152.779,37.44,101.45,11/17/2032
rmXpWO,396,Perishable,-1,254,0,368.91,0.1,405.801,9.45,359.46,1/16/2033
rnCjBLZYubsyCYxKUS,192,NonPerishable,-1,591,0,138.97,0.1,152.867,51.67,87.3,-1
rqaPTeDOnHikLAjWg,29,NonPerishable,-1,96,0,71.07,0.1,78.177,18.09,52.98,-1
sFTSmHmRacUQ,442,Perishable,-1,137,0,169.84,0.1,186.824,48.08,121.76,8/2/2023
sIVKuGheeuK,12,NonPerishable,-1,556,0,35.34,0.1,38.874,3.25,32.09,-1
sLzwqdCWKGkqJWKG,257,Perishable,-1,780,0,291.67,0.1,320.837,134.63,157.04,3/26/2028
sOPbGbWRURWagqs,148,NonPerishable,-1,308,0,139.22,0.1,153.142,53.38,85.84,-1
sUOEyiAmogOMPWXhH,230,NonPerishable,-1,144,0,118.47,0.1,130.317,21.72,96.75,-1
sZjXMsFxRE,15,NonPerishable,-1,885,0,71.27,0.1,78.397,32.1,39.17,-1
saKPOhLzInOtpLWGktYpRwfsSiDotAYW,237,NonPerishable,-1,631,0,427.8,0.1,470.58,163.79,264.01,-1
shjIzsoKFKjrRXyuJsXRolCLjs,150,NonPerishable,-1,926,0,194.45,0.1,213.895,42.91,151.54,-1
sxUAz,428,Perishable,-1,105,0,356.42,0.1,392.062,95.25,261.17,11/22/2023
tFmzlTItMCktuQgjZ,102,NonPerishable,-1,631,0,383.25,0.1,421.575,83.51,299.74,-1
tKsUCxzNMQZGJlXmDdMyztW,108,NonPerishable,-1,766,0,396.63,0.1,436.293,168.46,228.17,-1
tSuXMrumiLlGyyzfkWBWRFBeffwxlG,357,Perishable,-1,697,0,112.59,0.1,123.849,28.88,83.71,11/14/2031
tVHY,297,Perishable,-1,970,0,278.86,0.1,306.746,109.93,168.93,9/13/2026
tYsriXlwEiXLeRbSLaYGvIz,198,NonPerishable,-1,733,0,319.17,0.1,351.087,98.56,220.61,-1
tcKdiCmxVEWiZyEVEYLCP,26,NonPerishable,-1,598,0,490.23,0.1,539.253,245.08,245.15,-1
tdNlaNQXGHVDKnUitLWhzxK,398,Perishable,-1,327,0,165.09,0.1,181.599,74.45,90.64,9/4/2027
tfSasDivraxUCJxawueKXQq,310,Perishable,-1,338,0,122.09,0.1,134.299,3.36,118.73,6/22/2028
tkNKATxyQdidLsZiYhwbGg,246,NonPerishable,-1,217,0,117.19,0.1,128.909,45.12,72.07,-1
ttbWqTXMatDPcz,458,Perishable,-1,836,0,102,0.1,112.2,45.9,56.1,6/27/2024
tyhmQLwHnYhEQ,97,NonPerishable,-1,893,0,186.09,0.1,204.699,57.83,128.26,-1
uKYL,460,Perishable,-1,641,0,388.54,0.1,427.394,85.17,303.37,8/1/2035
uYYFyrCmNPftO,493,Perishable,-1,969,0,69.15,0.1,76.065,13.34,55.81,5/6/2024
un,253,Perishable,-1,879,0,318.26,0.1,350.086,28.98,289.28,9/2/2032
uvjsSvMFQCaoRSftyhqpukKbZppu,417,Perishable,-1,94,0,114.49,0.1,125.939,55.2,59.29,12/25/2034
vFQpVAzbxzlsEHWmc,183,NonPerishable,-1,34,0,215.84,0.1,237.424,87.47,128.37,-1
vTiMBqhM,274,Perishable,-1,531,0,178.52,0.1,196.372,51.86,126.66,3/23/2029
vUNCVknefFOsDIoQrUsxVvFkYCNMFIRm,213,NonPerishable,-1,531,0,217.73,0.1,239.503,101.3,116.43,-1
vnpfXkxpqfSuByBAfpmXzNcWDXyANgm,16,NonPerishable,-1,973,0,263.74,0.1,290.114,74.61,189.13,-1
vopXYHiqtuh,156,NonPerishable,-1,315,0,103.84,0.1,114.224,51.66,52.18,-1
vqDncabuCz,202,NonPerishable,-1,603,0,97.19,0.1,106.909,18.25,78.94,-1
vvwxtkfQpIOSpvv,291,Perishable,-1,640,0,245.12,0.1,269.632,45.42,199.7,7/18/2031
vyQ,273,Perishable,-1,731,0,114.16,0.1,125.576,39.24,74.92,5/21/2031
vztjcbsONeXbCR,472,Perishable,-1,153,0,225.74,0.1,248.314,101.14,124.6,11/10/2027
w,487,Perishable,-1,522,0,1.1,0.1,1.21,0.47,0.63,6/18/2033
wEgHrQenAUGTsNObsFeQnuJZt,336,Perishable,-1,755,0,61.56,0.1,67.716,10.04,51.52,5/28/2031
wGEkWFnrenMljvoJFNmUJpGrDZB,479,Perishable,-1,504,0,71.11,0.1,78.221,35.14,35.97,6/9/2025
wIVwFWabvZraKFjAclpQLFOCrxhm,272,Perishable,-1,175,0,51.19,0.1,56.309,19.66,31.53,8/5/2035
wSMKgBjIlAJUfbqIWsgeVuLn,74,NonPerishable,-1,339,0,79,0.1,86.9,18.2,60.8,-1
wXsvOlkHSERyRuYwDASGFrAyXLQMCQD,445,Perishable,-1,75,0,415.67,0.1,457.237,111.31,304.36,8/7/2032
wYHFPJPWYcpuzNqkVPpz,160,NonPerishable,-1,739,0,384.32,0.1,422.752,45.09,339.23,-1
wYSzfrseeoYm,322,Perishable,-1,746,0,94.38,0.1,103.818,15.15,79.23,3/4/2033
wiPDnrtqwHWzVXyAsnI,418,Perishable,-1,204,0,310.8,0.1,341.88,153.85,156.95,6/12/2029
wnVCbvPdvoN,232,NonPerishable,-1,21,0,5.18,0.1,5.698,1.19,3.99,-1
wyaRedZwQXZfvPSbIdYtn,36,NonPerishable,-1,454,0,62.52,0.1,68.772,11.69,50.83,-1
xUBgxNJikUzwrMWgYmWSjw,342,Perishable,-1,752,0,448.84,0.1,493.724,74.1,374.74,4/16/2031
xWgv,441,Perishable,-1,497,0,340.55,0.1,374.605,138.49,202.06,12/13/2028
xXvoKWpfiDgVSl,244,NonPerishable,-1,536,0,311.1,0.1,342.21,152.45,158.65,-1
xbqGzGRiJRNNevmpkPIrhNgOorrjyZ,371,Perishable,-1,628,0,39.96,0.1,43.956,14.3,25.66,12/11/2035
xczPnoYoDEigeYsRJhCRKW,80,NonPerishable,-1,314,0,102.67,0.1,112.937,39.72,62.95,-1
xehpiHKPTcYMuJXBxiV,311,Perishable,-1,809,0,373.08,0.1,410.388,164.43,208.65,10/25/2031
xkAOqqFBXUiYVXqqoZiPT,401,Perishable,-1,425,0,260.83,0.1,286.913,69.89,190.94,5/3/2031
xujQBYnhMaBpM,282,Perishable,-1,45,0,5.66,0.1,6.226,0.23,5.43,11/2/2030
xxRmJ,403,Perishable,-1,73,0,172.97,0.1,190.267,58.33,114.64,3/12/2035
yCkUrBEckVDzjeIzUSROsfSODuGHsWWu,20,NonPerishable,-1,953,0,377.28,0.1,415.008,143.99,233.29,-1
yDTNDbtIuzUTKFvkNBsjgYc,48,NonPerishable,-1,3,0,18.61,0.1,20.471,0.11,18.5,-1
yJnjPnWLZJzAnBmjYD,265,Perishable,-1,974,0,276.93,0.1,304.623,58,218.93,9/25/2027
yMvMV,193,NonPerishable,-1,912,0,180.61,0.1,198.671,31.97,148.64,-1
yaLrQtprpJPV,394,Perishable,-1,352,0,82.35,0.1,90.585,34.59,47.76,8/23/2025
ylrAoFBE,468,Perishable,-1,135,0,62.57,0.1,68.827,31.1,31.47,8/18/2023
ypCxIjaGlMPIZUmwOBVtwqQpcB,79,NonPerishable,-1,385,0,429.98,0.1,472.978,207.66,222.32,-1
ypyeqgpvkOaKMxUIXFKVMqCUA,256,Perishable,-1,972,0,371.53,0.1,408.683,118.84,252.69,12/2/2026
zHT,17,NonPerishable,-1,685,0,300.68,0.1,330.748,119.06,181.62,-1
zHbOXlevYeWw,135,NonPerishable,-1,115,0,18.45,0.1,20.295,1.01,17.44,-1
zLUdjxQLXnrysTaqiYfTUfi,299,Perishable,-1,261,0,355.66,0.1,391.226,16.54,339.12,10/16/2025
zLypuSKFQuootvvkDIncllJGuiD,180,NonPerishable,-1,558,0,395.85,0.1,435.435,178.99,216.86,-1
zSetMskVyRLhZjay,76,NonPerishable,-1,151,0,258.01,0.1,283.811,50.05,207.96,-1
ziMVwmTmaCWrqpOFQmzeC,402,Perishable,-1,29,0,48.33,0.1,53.163,11.44,36.89,11/8/2025
zwtrxWgDejPPGTbOILXkikxY,221,NonPerishable,-1,412,0,438.71,0.1,482.581,126.06,312.65,-1
